ID,Coach Name,Country,Country_code,Discipline,Event
1533246,PEDRERO Ofelia,Mexico,MEX,Artistic Swimming,Team
1535775,RADHI SHENAISHIL,Iraq,IRQ,Football,Men
1536055,AFLAKIKHAMSEH Majid,IR Iran,IRI,Taekwondo,
1536059,YOUSEFY Mehrdad,IR Iran,IRI,Taekwondo,
1536060,MADDAH Minoo,IR Iran,IRI,Taekwondo,
1536328,LOFTUS Adriana,Mexico,MEX,Artistic Swimming,Team
1538313,FERRARA Fernando,Argentina,ARG,Hockey,
1538315,GULLA Alejandra,Argentina,ARG,Hockey,Women
1538317,CAPURRO Santiago,Argentina,ARG,Hockey,
1538745,RONCONI Mariano,Argentina,ARG,Hockey,
1538748,PAULON Ezequiel,Argentina,ARG,Hockey,
1538751,VILA Matias,Argentina,ARG,Hockey,
1539598,KHEIRKHAH HAJIRASOULIAN Mohammadre.,IR Iran,IRI,Artistic Gymnastics,
1540258,DAVIS DIAZ David,Mexico,MEX,Taekwondo,
1540259,MENDOZA MORA Abel,Mexico,MEX,Taekwondo,
1540260,VICTORIA ESPINOSA de los Alfonso,Mexico,MEX,Taekwondo,
1540522,MILANO Guillermo,Argentina,ARG,Handball,Men
1540638,GOMEZ CORA Santiago,Argentina,ARG,Rugby Sevens,Men
1540639,GRAVANO Leonardo,Argentina,ARG,Rugby Sevens,Men
1540840,FILIORIANU Ana Luiza,Romania,ROU,Rhythmic Gymnastics,
1542341,SMAILI Badr,Morocco,MAR,Taekwondo,
1542904,OCEGUERA ORNELAS Pavel,Mexico,MEX,Artistic Gymnastics,
1542908,VALENZUELA GOMEZ Maria,Mexico,MEX,Artistic Gymnastics,
1542913,MEZA PADILLA Jose,Mexico,MEX,Artistic Gymnastics,
1542973,AGUILAR ROJAS Blajaith,Mexico,MEX,Rhythmic Gymnastics,
1542976,FURALEV Vladislav,Mexico,MEX,Rhythmic Gymnastics,
1543567,UPTON Patrick Anthony Howard,India,IND,Hockey,
1543570,SCHOPMAN Johanna Dorothea Maria,India,IND,Hockey,
1543575,HALKETT Rhett Kennedy,India,IND,Hockey,
1543576,FULTON Craig Arthur,India,IND,Hockey,
1543577,FARRY Anthony James,India,IND,Hockey,
1544157,THORPE Karen,Great Britain,GBR,Artistic Swimming,Duet
1544158,TOMOMATSU Yumiko,Great Britain,GBR,Artistic Swimming,Duet
1544489,CURRAN Orlaith,Ireland,IRL,Rugby Sevens,Women
1545106,NASKAR Arup,India,IND,Hockey,
1545139,CHINNASAMY Ashok Kumar,India,IND,Hockey,
1545947,BUSNARI Alberto,Italy,ITA,Artistic Gymnastics,
1545949,COCCIARO Giuseppe,Italy,ITA,Artistic Gymnastics,
1545950,FORTUNA Marco,Italy,ITA,Artistic Gymnastics,
1545955,BERGAMELLI Monica Roberta,Italy,ITA,Artistic Gymnastics,
1546310,CHIRILCENCO Marc Michel,Algeria,ALG,Artistic Gymnastics,
1546312,HAMICI Saad Eddine,Algeria,ALG,Artistic Gymnastics,
1546698,HERRANZ MARTIN Miguel Angel,Spain,ESP,Taekwondo,
1546699,RAMAL MUNOZ Jesus,Spain,ESP,Taekwondo,
1546700,SEIJO GIEBELS Christian Jaime,Spain,ESP,Taekwondo,
1546701,TOLEDO AROCA Antonio,Spain,ESP,Taekwondo,
1546702,YAGUE ENRIQUE Brigida,Spain,ESP,Taekwondo,
1548427,JONES Gilmar,Suriname,SUR,Taekwondo,
1548848,DIMITROVA Vesela,Bulgaria,BUL,Rhythmic Gymnastics,
1548875,STOYNEVA Yasena,Bulgaria,BUL,Rhythmic Gymnastics,
1548895,MARKOVA Branimira,Bulgaria,BUL,Rhythmic Gymnastics,
1548902,PAMUKOVA Mariyana,Bulgaria,BUL,Rhythmic Gymnastics,
1548919,IVANOVA Valentina,Bulgaria,BUL,Rhythmic Gymnastics,
1549452,LEE Eui Yong,Gambia,GAM,Taekwondo,
1550038,ARILL Samuel,Puerto Rico,PUR,Basketball,Women
1550039,MORALES OTERO Carlos,Puerto Rico,PUR,Basketball,Women
1550047,BATISTA Gerardo,Puerto Rico,PUR,Basketball,Women
1550196,COTUTIU Florin,Romania,ROU,Artistic Gymnastics,
1550198,JONES Daymon,Romania,ROU,Artistic Gymnastics,
1550199,KIENS Patrick,Romania,ROU,Artistic Gymnastics,
1550201,MOROSAN Corina,Romania,ROU,Artistic Gymnastics,
1550203,VOINEA Camelia,Romania,ROU,Artistic Gymnastics,
1550267,BERBECAR Marius,Romania,ROU,Artistic Gymnastics,
1552001,LIU Tsung-Ta,Chinese Taipei,TPE,Taekwondo,
1555083,GEORGALLAS Irodotos,Cyprus,CYP,Artistic Gymnastics,
1555113,PETRIDIS Panagiotis,Cyprus,CYP,Artistic Gymnastics,
1555115,FLANNERY Eimear,Ireland,IRL,Rugby Sevens,Men
1555131,SHIPPI Panayiotis,Cyprus,CYP,Artistic Gymnastics,
1555182,TRIKOMITI Chrystalleni,Cyprus,CYP,Rhythmic Gymnastics,
1556249,DEACU George,Romania,ROU,Water Polo,Men
1556255,RATH Bogdan,Romania,ROU,Water Polo,Men
1557013,ARIAS Ramon,Chile,CHI,Taekwondo,
1559048,WIBERG Johanna,Sweden,SWE,Handball,Women
1559066,FORSBERG Thomas,Sweden,SWE,Handball,Women
1559067,AXNER Tomas,Sweden,SWE,Handball,Women
1560169,DIOVOL Alioune,Senegal,SEN,Taekwondo,
1561282,da ROCHA Cristiano,Brazil,BRA,Handball,Women
1561719,ALTENBURG Valentin,Germany,GER,Hockey,
1561732,HENNING Andre,Germany,GER,Hockey,
1561734,SCHMITZ Johannes,Germany,GER,Hockey,
1561740,ARKELL Robin,Germany,GER,Hockey,
1561741,GADEMAN Pasha,Germany,GER,Hockey,
1562260,WEIDINGER Markus,Austria,AUT,Taekwondo,
1562563,SOLBERG Glenn,Sweden,SWE,Handball,Men
1562564,SVENSSON Tomas,Sweden,SWE,Handball,Men
1562566,APELGREN Michael,Sweden,SWE,Handball,Men
1562778,TANKOUCHEV Milko,Bulgaria,BUL,Artistic Gymnastics,
1562790,YANEV Filip,Bulgaria,BUL,Artistic Gymnastics,
1562963,WINIARSKI Michal,Germany,GER,Volleyball,Men
1562973,RANNER Thomas,Germany,GER,Volleyball,Men
1562974,POSMYK Dominik,Germany,GER,Volleyball,Men
1563661,SALLAH Mariama M.,Gambia,GAM,Taekwondo,
1563956,TUMILTY Mark,Ireland,IRL,Hockey,
1563966,TOTH Balazs,Germany,GER,Taekwondo,
1564287,QUSAI MUNIR,Iraq,IRQ,Football,Men
1564321,CRUZ LOPEZ Jose L,Puerto Rico,PUR,Basketball,Men
1564323,COLON Nelson,Puerto Rico,PUR,Basketball,Men
1564325,CRUZ Rafael,Puerto Rico,PUR,Basketball,Men
1564413,BESHEER Gamal,Egypt,EGY,Artistic Gymnastics,
1564469,MOHAMED Ahmed,Egypt,EGY,Artistic Gymnastics,
1564470,ABDELMEGUID Zakaria,Egypt,EGY,Artistic Gymnastics,
1564477,MOHAMED Mayar,Egypt,EGY,Rhythmic Gymnastics,
1564481,HUSSEIN Noha,Egypt,EGY,Rhythmic Gymnastics,
1565043,MOUNDOUNGA KOMBILA Stephane,Gabon,GAB,Taekwondo,
1565143,MLADENOVA Albena,Austria,AUT,Artistic Swimming,Duet
1565591,AL-ASSAF Faris,Jordan,JOR,Taekwondo,
1565609,ALSADEQ Yazan,Jordan,JOR,Taekwondo,
1565612,ALJALLAD Riham,Jordan,JOR,Taekwondo,
1565657,KRAVCHENKO Sergiy,Ukraine,UKR,Football,
1565672,ROTAN Ruslan,Ukraine,UKR,Football,Men
1565759,SIREKANYAN Gurgen,Jordan,JOR,Artistic Gymnastics,
1566325,FREHSE Gabriele,Austria,AUT,Artistic Gymnastics,
1566746,SAHIN Ali,Türkiye,TUR,Taekwondo,
1566749,TAZEGUL Servet,Türkiye,TUR,Taekwondo,
1567065,BABEL Vincent,Suriname,SUR,Taekwondo,
1568152,GOKTEKIN Yilmaz,Türkiye,TUR,Artistic Gymnastics,
1568153,NURI Tufan,Türkiye,TUR,Artistic Gymnastics,
1568648,GOJKOVIC Vladimir,Montenegro,MNE,Water Polo,Men
1569994,TOMAS Toni,Great Britain,GBR,Taekwondo,
1569995,LAURA Veljko,Croatia,CRO,Taekwondo,
1569996,MESAROV Dejan,Croatia,CRO,Taekwondo,
1572261,GALAMBOS Bence,Hungary,HUN,Taekwondo,
1572269,MARTON Luana,Hungary,HUN,Taekwondo,
1572364,SALIM Gergely,Hungary,HUN,Taekwondo,
1572370,SALIM Sharif Gergely,Hungary,HUN,Taekwondo,
1572373,MIKKONEN Suvi,Hungary,HUN,Taekwondo,
1572650,ROUSSEAUX Emile,France,FRA,Volleyball,Women
1572652,ANDRE Felix,France,FRA,Volleyball,Women
1572654,GAUTHIER Charles,France,FRA,Volleyball,Women
1573466,TOUPANE Jean Aime,France,FRA,Basketball,Women
1573467,MELAIN Catherine,France,FRA,Basketball,Women
1573468,GAUTIER David,France,FRA,Basketball,
1573469,HALIN Gregory,France,FRA,Basketball,
1573470,LEONARD Christophe,France,FRA,Basketball,
1573668,COLLET Vincent,France,FRA,Basketball,Men
1573669,DONNADIEU Pascal,France,FRA,Basketball,Men
1573670,ATKINSON Kenny,France,FRA,Basketball,Men
1573671,NELHOMME Ruddy,France,FRA,Basketball,
1573672,GOMIS Joseph,France,FRA,Basketball,
1574076,CIAMARRA Roberto,France,FRA,Volleyball,Men
1574080,GEILER Loic,France,FRA,Volleyball,Men
1574082,GIANI Andrea,France,FRA,Volleyball,Men
1830240,WENG Shih-Hang,Chinese Taipei,TPE,Artistic Gymnastics,
1835894,TSAI Heng-Cheng,Chinese Taipei,TPE,Artistic Gymnastics,
1878950,SANTARELLI Daniele,Türkiye,TUR,Volleyball,Women
1878952,FLISI Diego,Türkiye,TUR,Volleyball,Women
1878956,ZOTTA Andrea,Türkiye,TUR,Volleyball,Women
1879044,VATANSEVER Recep,Türkiye,TUR,Volleyball,Women
1879645,DARET Jerome,France,FRA,Rugby Sevens,Men
1879871,KRUMBHOLZ Olivier,France,FRA,Handball,Women
1879872,GARDILLOU Sebastien,France,FRA,Handball,Women
1879875,LEYNAUD Amandine,France,FRA,Handball,Women
1880219,GALKIN Evgeniy,Uzbekistan,UZB,Artistic Gymnastics,
1880226,ABDUSAMATOV Khusniddin,Uzbekistan,UZB,Artistic Gymnastics,
1880388,MWEMA Kevin,Kenya,KEN,Rugby Sevens,Men
1880389,AMONDE Andrew,Kenya,KEN,Rugby Sevens,Men
1880390,KISIA Louis,Kenya,KEN,Rugby Sevens,Men
1880620,HRUBESCH Horst,Germany,GER,Football,Women
1880626,CARLSON Britta,Germany,GER,Football,Women
1880629,FUCHS Michael,Germany,GER,Football,Women
1880639,NOERENBERG Thomas,Germany,GER,Football,Women
1880657,MUKHAMEDOVA Rano,Uzbekistan,UZB,Rhythmic Gymnastics,
1880659,VLASOVA Liliya,Uzbekistan,UZB,Rhythmic Gymnastics,
1887640,KHAN Pavel,Uzbekistan,UZB,Taekwondo,
1887642,RAFALOVICH Maksim,Uzbekistan,UZB,Taekwondo,
1887644,KHAN Vladimir,Uzbekistan,UZB,Taekwondo,
1887648,BAYKUZIYEV Jasur,Uzbekistan,UZB,Taekwondo,
1888131,PAKKAN Saim,Serbia,SRB,Volleyball,Women
1888241,NISHIIRI Toshihiro,Japan,JPN,Football,
1888242,IKEDA Futoshi,Japan,JPN,Football,Women
1888246,MIYAMOTO Tomomi,Japan,JPN,Football,
1888338,MENEZES Jude,Japan,JPN,Hockey,
1888344,OZAWA Kazuyuki,Japan,JPN,Hockey,
1888372,ERSIMSEK Ahmetcan,Serbia,SRB,Volleyball,Women
1888498,ROTHMAN Neville,Ireland,IRL,Hockey,
1891425,GELLE Noemi Katalin,Hungary,HUN,Rhythmic Gymnastics,
1891653,NAGANUMA Atsushi,Japan,JPN,Water Polo,Men
1891659,HAZUI Shota,Japan,JPN,Water Polo,Men
1891667,SHIOTA Yoshinori,Japan,JPN,Water Polo,Men
1891684,KAWAI Mayo,Japan,JPN,Artistic Swimming,
1891686,KASHIMA Tomoyo,Japan,JPN,Artistic Swimming,Team
1891688,NAKAJIMA Takako,Japan,JPN,Artistic Swimming,Team
1892047,KAPADZE Timur,Uzbekistan,UZB,Football,Men
1892050,CHIGODAEV Sergey,Uzbekistan,UZB,Football,
1893216,GILLE Guillaume,France,FRA,Handball,Men
1893217,MATHE Erick,France,FRA,Handball,Men
1893323,ALONSO TAPIA Rosendo,France,FRA,Taekwondo,
1893324,ALONSO TAPIA Gulsah,France,FRA,Taekwondo,
1893325,JUNG Woomin,France,FRA,Taekwondo,
1894657,WILLE Jonas,Norway,NOR,Handball,Men
1894659,EGE Steinar,Norway,NOR,Handball,Men
1894661,BOQUIST Martin,Norway,NOR,Handball,Men
1894662,OLSSON Mats,Norway,NOR,Handball,Women
1894663,HERGEIRSSON Thorir,Norway,NOR,Handball,Women
1894666,LARSEN Tonje,Norway,NOR,Handball,Women
1894756,JOERGENSEN Michael,Norway,NOR,Taekwondo,
1895149,DRASOCZKY Imre,Hungary,HUN,Artistic Gymnastics,
1895269,BRUUN Michael,Denmark,DEN,Handball,Men
1895270,JOERGENSEN Lars,Denmark,DEN,Handball,Women
1895275,KRONBORG Henrik,Denmark,DEN,Handball,Men
1895276,JACOBSEN Nikolaj,Denmark,DEN,Handball,Men
1895279,JENSEN Jesper,Denmark,DEN,Handball,Women
1895408,SOYEZ Frederic,France,FRA,Hockey,
1895409,SALA Ramon,France,FRA,Hockey,
1895410,LOMBI Jorge,France,FRA,Hockey,
1895517,SZUCS Robert,Hungary,HUN,Artistic Gymnastics,
1895520,TRENKA Janos,Hungary,HUN,Artistic Gymnastics,
1896158,HARVEY Mike,Great Britain,GBR,Taekwondo,
1896160,MAIZEROI Torann,Great Britain,GBR,Taekwondo,
1896164,MILLER Nelson,Great Britain,GBR,Taekwondo,
1896167,STAMPER Martin,Great Britain,GBR,Taekwondo,
1896246,POLJAKOVA Shanna,Germany,GER,Artistic Gymnastics,
1896251,BELENKI Valeri,Germany,GER,Artistic Gymnastics,
1896252,CATANOIU Grigore,Germany,GER,Artistic Gymnastics,
1896253,BRYLOK Hubert,Germany,GER,Artistic Gymnastics,
1896258,TEMME Kay,Germany,GER,Artistic Gymnastics,
1896262,PFEFFER Camilla,Germany,GER,Rhythmic Gymnastics,
1896275,RASKINA Yuliya,Germany,GER,Rhythmic Gymnastics,
1896279,CAMICIOTTI Giacomo,Germany,GER,Artistic Gymnastics,
1896290,DUNAVSKA MINEKOVA Kameliya,Germany,GER,Rhythmic Gymnastics,
1896562,PARECKI Antoni Jerzy,Japan,JPN,Handball,Men
1896698,SNYMAN Philip,South Africa,RSA,Rugby Sevens,Men
1896700,LUCKAN Ghafoer,South Africa,RSA,Rugby Sevens,Men
1897091,GONZALEZ NUNEZ Arlen,Cuba,CUB,Taekwondo,
1897234,SHARABI Yechiam,Israel,ISR,Taekwondo,
1897292,BLECHER SIDOROVA Svetlana,Israel,ISR,Artistic Swimming,Duet
1897395,ABDELRAHMAN Osama,Egypt,EGY,Taekwondo,
1897398,YOUSSEF Mohamed,Egypt,EGY,Taekwondo,
1897518,ZAITSEVA Olesia,Ukraine,UKR,Artistic Swimming,Duet
1897547,SARTYNSKYI Gennadii,Ukraine,UKR,Artistic Gymnastics,
1897548,GORBACHEVA Iryna,Ukraine,UKR,Artistic Gymnastics,
1897550,KAIUKOVA Iuliia,Ukraine,UKR,Artistic Gymnastics,
1897590,DERYUGINA Iryna,Ukraine,UKR,Rhythmic Gymnastics,
1897591,BLOKHINA Iryna,Ukraine,UKR,Rhythmic Gymnastics,
1897592,KARDASH Maryna,Ukraine,UKR,Rhythmic Gymnastics,
1897594,VASYLIEVA Marharyta,Ukraine,UKR,Rhythmic Gymnastics,
1897752,KHOLOD Maryna,New Zealand,NZL,Artistic Swimming,Duet
1897775,RA Sanghyun,Fiji,FIJ,Taekwondo,
1897904,KIM Hyou Mi,Korea,KOR,Artistic Swimming,Duet
1898398,ROSILLO ATENCIA Jose Antonio,Norway,NOR,Taekwondo,
1898540,LAI Yawen,China,CHN,Volleyball,Women
1898944,HERBERT Gordie,Germany,GER,Basketball,Men
1898950,THOMAIDIS Lisa,Germany,GER,Basketball,Women
1898951,PARSONS Sidney,Germany,GER,Basketball,Women
1898953,MEADOWS Clarissa,Germany,GER,Basketball,Women
1898956,THUSS Anne,Germany,GER,Basketball,
1898959,PERWAS Klaus,Germany,GER,Basketball,Men
1898960,BRIELMEIER Bret,Germany,GER,Basketball,
1898962,HERBERT Daniel,Germany,GER,Basketball,Men
1899054,REVINGTON Paul,Great Britain,GBR,Hockey,
1899056,BROWNE Kwan,Great Britain,GBR,Hockey,
1899057,GLYNN Katie,Great Britain,GBR,Hockey,
1899058,HICKMAN Mark,Great Britain,GBR,Hockey,
1899060,PAUL Jody,Great Britain,GBR,Hockey,
1899061,RALPH David,Great Britain,GBR,Hockey,
1899062,SIEBEN Craig,Great Britain,GBR,Hockey,
1899085,GRESKOWIAK Arne,Germany,GER,Basketball,
1899175,HOLGUIN Ramon,Dominican Republic,DOM,Artistic Gymnastics,
1899285,WUDTKE Erik,Germany,GER,Handball,Men
1899286,BEPPLER Jochen,Germany,GER,Handball,Women
1899289,ANDERSSON Mattias,Germany,GER,Handball,Men
1899294,GISLASON Alfred,Germany,GER,Handball,Men
1899296,GAUGISCH Markus,Germany,GER,Handball,Women
1899298,JANKOVIC Jasmina,Germany,GER,Handball,Women
1900728,HENRY Thierry,France,FRA,Football,Men
1900729,BATICLE Gerald,France,FRA,Football,Men
1900730,CLICHY Gael,France,FRA,Football,Men
1900731,JANOT Jeremie,France,FRA,Football,Men
1901253,PEREIRA BRAVO Joao,Canada,CAN,Volleyball,Men
1901258,SAMMELVUO Tuomas,Canada,CAN,Volleyball,Men
1901261,HAWKINS Michael,Canada,CAN,Volleyball,Men
1901805,ZHENG Wei,China,CHN,Basketball,Women
1901806,JIA Nan,China,CHN,Basketball,
1901810,PARK Myungsoo,China,CHN,Basketball,
1901818,RUPEREZ Cesar,China,CHN,Basketball,Women
1901832,USUI Tomohiro,Japan,JPN,Basketball,
1901835,KONNO Kakeru,Japan,JPN,Basketball,
1901836,SUZUKI Yoshikazu,Japan,JPN,Basketball,Women
1901839,ONZUKA Toru,Japan,JPN,Basketball,Women
1901846,SASSA Norio,Japan,JPN,Basketball,
1901849,GAINES Corey,Japan,JPN,Basketball,Men
1901850,HOVASSE Tom,Japan,JPN,Basketball,Men
1901851,KATSUHISA Geoffrey,Japan,JPN,Basketball,
1902695,CHOI Chatchai,Thailand,THA,Taekwondo,
1902795,SONKHAM Chanatip,Thailand,THA,Taekwondo,
1902914,RUSEK Pawel,Poland,POL,Volleyball,Men
1902918,GRBIC Nikola,Poland,POL,Volleyball,Men
1902919,SWACZYNA Adam,Poland,POL,Volleyball,Men
1903371,MATOSEVIC Valter,Croatia,CRO,Handball,Men
1903379,SIGURDSSON Dagur,Croatia,CRO,Handball,Men
1903381,SPOLJARIC Denis,Croatia,CRO,Handball,Men
1903569,DUPUIS Kevin,France,FRA,Artistic Gymnastics,
1903570,GEORGE Martine,France,FRA,Artistic Gymnastics,
1903575,POTAPENKO Valentin,France,FRA,Artistic Gymnastics,
1903577,HAGARD Monique,France,FRA,Artistic Gymnastics,
1903584,BARANOVA VOLCHETSKAYA Anna,France,FRA,Rhythmic Gymnastics,
1903585,BAYON Sara,France,FRA,Rhythmic Gymnastics,
1903590,GUILLIERE Katia,France,FRA,Rhythmic Gymnastics,
1903594,MILAN Gregory,France,FRA,Rhythmic Gymnastics,
1903707,ABDELFATTAH Aziza,Egypt,EGY,Artistic Swimming,Team
1903722,MOHAMED Mai,Egypt,EGY,Artistic Swimming,Duet
1903754,LATIF Yasmine,Egypt,EGY,Artistic Swimming,Team
1903771,FABRE Julie,France,FRA,Artistic Swimming,Team
1903772,OBRY Laure,France,FRA,Artistic Swimming,Team
1903773,ANNEQUIN Marie,France,FRA,Artistic Swimming,
1903829,ANGILLIS Pascal,Belgium,BEL,Basketball,
1903832,KAISER Pierre-Yves,Belgium,BEL,Basketball,
1903833,LORENT Jill,Belgium,BEL,Basketball,Women
1903888,de SCHEPPER Bram,Belgium,BEL,Artistic Gymnastics,
1903889,DECKX Stefan,Belgium,BEL,Artistic Gymnastics,
1903900,RECKINGER Xavier,Belgium,BEL,Hockey,Men
1904214,JEONG Eul Jin,Korea,KOR,Taekwondo,
1904215,KANG Bo Hyeon,Korea,KOR,Taekwondo,
1904220,LEE Dongchul,Korea,KOR,Taekwondo,
1904221,OH Hyeri,Korea,KOR,Taekwondo,
1904223,SON Hyo Bong,Korea,KOR,Taekwondo,
1904759,BEAGLEY Michael,Great Britain,GBR,Artistic Gymnastics,
1904761,CLAY Jenny,Great Britain,GBR,Artistic Gymnastics,
1904762,COLLIE Barry,Great Britain,GBR,Artistic Gymnastics,
1904765,HALL Paul,Great Britain,GBR,Artistic Gymnastics,
1904766,HANN Scott,Great Britain,GBR,Artistic Gymnastics,
1904767,HOWELLS Ben,Great Britain,GBR,Artistic Gymnastics,
1904768,INCE Brett,Great Britain,GBR,Artistic Gymnastics,
1904769,KENWRIGHT David,Great Britain,GBR,Artistic Gymnastics,
1904771,RICHARDSON Joshua,Great Britain,GBR,Artistic Gymnastics,
1904772,RICHARDSON Molly,Great Britain,GBR,Artistic Gymnastics,
1904775,TRANDABURU Ionut,Great Britain,GBR,Artistic Gymnastics,
1904996,JANKOVSKY Viktor,Czechia,CZE,Taekwondo,
1904998,ZHEREBCHEVSKYI Anton,Czechia,CZE,Taekwondo,
1904999,HYBRANT Bohuslav,Czechia,CZE,Taekwondo,
1906041,FOULARD Gael,France,FRA,Hockey,
1906042,JAQUET Nicolas,France,FRA,Hockey,
1906448,LORANTOS Theodoros,France,FRA,Water Polo,Women
1906454,DERENTY Lorene,France,FRA,Water Polo,Women
1906462,BRUZZO Florian,France,FRA,Water Polo,Men
1906468,KOBESCAK Vjekoslav,France,FRA,Water Polo,Men
1908234,MENDEZ Marcelo,Argentina,ARG,Volleyball,Men
1908241,LOPEZ Martin,Argentina,ARG,Volleyball,Men
1908245,RICO GOLBA Pablo,Argentina,ARG,Volleyball,Men
1908299,ALVAREZ Jorge,Argentina,ARG,Taekwondo,
1908401,ARROYO Gavin,United States,USA,Water Polo,Men
1908402,UDOVICIC Dejan,United States,USA,Water Polo,Men
1908403,USTASZEWSKI Matt,United States,USA,Water Polo,Men
1908408,CAHILL Molly,United States,USA,Water Polo,Women
1908409,KRIKORIAN Adam,United States,USA,Water Polo,Women
1908410,OEDING Chris,United States,USA,Water Polo,Women
1908549,AMADOU Soumaila,Niger,NIG,Taekwondo,
1908649,KWIEK Marcos,Dominican Republic,DOM,Volleyball,Women
1908654,ROCHA PACHECO Wagner,Dominican Republic,DOM,Volleyball,Women
1908776,YAMAMOTO Hayato,Japan,JPN,Rugby Sevens,Women
1908788,AMOR Simon Daniel Edward,Japan,JPN,Rugby Sevens,Men
1908796,SUZUKI Takashi,Japan,JPN,Rugby Sevens,Women
1908800,SAKATA Takahiro,Japan,JPN,Rugby Sevens,Men
1908801,UMEDA Koichi,Japan,JPN,Rugby Sevens,Men
1908804,KANEMATSU Yuka,Japan,JPN,Rugby Sevens,Women
1908808,SANCHEZ DURAN Wilson,Dominican Republic,DOM,Volleyball,Women
1908861,ZHANG Xiaohuan,China,CHN,Artistic Swimming,Team
1908862,WANG Jiuli,China,CHN,Artistic Swimming,Duet
1908863,HE Xiaochu,China,CHN,Artistic Swimming,
1908864,SHEN Yingsha,China,CHN,Artistic Swimming,
1908865,TARRES CAMPA Ana,China,CHN,Artistic Swimming,Team
1908866,ZHAO Dantong,China,CHN,Artistic Swimming,
1909191,BUGDAEV Kurban,Saudi Arabia,KSA,Taekwondo,
1909799,ASMOLOV Natalia,Israel,ISR,Rhythmic Gymnastics,
1909813,MAYRIN Ida,Israel,ISR,Rhythmic Gymnastics,
1909827,SZUCS Krisztian,Hungary,HUN,Taekwondo,
1909847,STSIAPANAVA Natalia,Israel,ISR,Rhythmic Gymnastics,
1909857,VAISBURG Sergei,Israel,ISR,Artistic Gymnastics,
1909866,KLEFNER BEN SHIMOL Moran,Israel,ISR,Artistic Gymnastics,
1909923,ELNAFRAWY Mohamed,Egypt,EGY,Volleyball,Men
1909939,BEN JABALLAH Maaouia,Tunisia,TUN,Archery,
1910378,GUAN Jianmin,China,CHN,Taekwondo,
1910380,KIM Young Jin,China,CHN,Taekwondo,
1910382,KONG Fantao,China,CHN,Taekwondo,
1910489,ZUSSMAN Ayelet,Israel,ISR,Rhythmic Gymnastics,
1910511,SAMOFALOV Ela,Israel,ISR,Rhythmic Gymnastics,
1911256,ARZA Carlos Vivier,Angola,ANG,Handball,Women
1912238,CATITO Nelson,Angola,ANG,Handball,Women
1913681,CAI Bin,China,CHN,Volleyball,Women
1913682,LI Yanlong,China,CHN,Volleyball,Women
1913683,YUAN Zhi,China,CHN,Volleyball,Women
1914566,HYTTEL Tobias,Denmark,DEN,Taekwondo,
1914822,SETTA Tarik,Denmark,DEN,Taekwondo,
1914903,ACHARKI Aziz,Denmark,DEN,Taekwondo,
1915796,TUCAK Ivica,Croatia,CRO,Water Polo,Men
1915797,POSINKOVIC Renco,Croatia,CRO,Water Polo,Men
1915807,MARELJA Jure,Croatia,CRO,Water Polo,Men
1915986,COURTEIX David,France,FRA,Rugby Sevens,Women
1915987,IGARZA Germain,France,FRA,Rugby Sevens,Women
1917115,COULIBALY Abdoulaye,Mali,MLI,Football,
1917164,DIALLO Badara Alou,Mali,MLI,Football,Men
1917720,DUNPHY Marv,United States,USA,Volleyball,Women
1917721,KIRALY Karch,United States,USA,Volleyball,Women
1917722,MIYASHIRO Tama,United States,USA,Volleyball,Women
1917723,REFT Alfee,United States,USA,Volleyball,Women
1917725,VIRTUE Erin,United States,USA,Volleyball,Women
1917858,BROWN Gareth,United States,USA,Taekwondo,
1918016,FUERBRINGER Matt,United States,USA,Volleyball,Men
1918018,SPERAW John,United States,USA,Volleyball,Men
1918019,WEBER Javi,United States,USA,Volleyball,Men
1918026,WALL Mike,United States,USA,Volleyball,Men
1918543,TOKUMOTO Yukito,Japan,JPN,Volleyball,Women
1918556,BLAIN Philippe,Japan,JPN,Volleyball,Men
1918560,FUKATSU Takayuki,Japan,JPN,Volleyball,Men
1918568,ITOH Kenji,Japan,JPN,Volleyball,Men
1918571,MANABE Masayoshi,Japan,JPN,Volleyball,Women
1918572,KAWAKITA Gen,Japan,JPN,Volleyball,Women
1918766,REZA Surian,New Zealand,NZL,Artistic Gymnastics,
1918882,CHEN Wei,China,CHN,Artistic Gymnastics,
1918883,HE Hua,China,CHN,Artistic Gymnastics,
1918884,JIN Weiguo,China,CHN,Artistic Gymnastics,
1918885,LI Dezhi,China,CHN,Artistic Gymnastics,
1918886,LIU Jinyu,China,CHN,Artistic Gymnastics,
1918887,LIU Tao,China,CHN,Artistic Gymnastics,
1918889,LU le,China,CHN,Artistic Gymnastics,
1918890,SUN Ping,China,CHN,Artistic Gymnastics,
1918891,TENG Haibin,China,CHN,Artistic Gymnastics,
1918893,WANG Liming,China,CHN,Artistic Gymnastics,
1918894,XU Jinglei,China,CHN,Artistic Gymnastics,
1918895,ZHANG Haiyan,China,CHN,Artistic Gymnastics,
1918896,ZHENG Hao,China,CHN,Artistic Gymnastics,
1918907,YE Sheng,China,CHN,Artistic Gymnastics,
1919322,SOTOMURA Kazutoshi,Japan,JPN,Artistic Gymnastics,
1919328,SHINTAKU Yuya,Japan,JPN,Artistic Gymnastics,
1919335,TOYOSHIMA Risa,Japan,JPN,Artistic Gymnastics,
1919338,TANAKA Hikaru,Japan,JPN,Artistic Gymnastics,
1919341,SATO Hiroaki,Japan,JPN,Artistic Gymnastics,
1919343,SAITO Yoshihiro,Japan,JPN,Artistic Gymnastics,
1919511,JUN Jung Hooi,Tajikistan,TJK,Taekwondo,
1919719,LIKHADZIYEUSKI Anatoli,AIN,AIN,Taekwondo,
1919734,ANTONYAN Sahak,Armenia,ARM,Artistic Gymnastics,
1919736,BERZHETS Viachaslau,AIN,AIN,Taekwondo,
1919740,NAZARYAN Hayk,Armenia,ARM,Artistic Gymnastics,
1919741,OGANESIANTC Avetis,AIN,AIN,Taekwondo,
1921141,de GIORGI Ferdinando,Italy,ITA,Volleyball,Men
1921142,CAPONERI Massimo,Italy,ITA,Volleyball,Men
1921143,GIOLITO Nicola,Italy,ITA,Volleyball,Men
1921148,VELASCO Julio,Italy,ITA,Volleyball,Women
1921149,BARBOLINI Massimo,Italy,ITA,Volleyball,Women
1921150,BERNARDI Lorenzo,Italy,ITA,Volleyball,Women
1922666,van DAMME Koen,Belgium,BEL,Artistic Gymnastics,
1924891,DUGONJIC Ivo Martin,Uruguay,URU,Rugby Sevens,Men
1924892,PUIG CARPANETO Gabriel,Uruguay,URU,Rugby Sevens,Men
1924915,PRUNSKAS Algimantas,Lithuania,LTU,Artistic Gymnastics,
1925565,CAMPAGNA Alessandro,Italy,ITA,Water Polo,Men
1925566,SILIPO Carlo,Italy,ITA,Water Polo,Women
1925568,FARINELLI Roberta,Italy,ITA,Artistic Swimming,Team
1925590,POMILIO Amedeo,Italy,ITA,Water Polo,Men
1925602,GIALLOMBARDO Patrizia,Italy,ITA,Artistic Swimming,Team
1925620,di CECCA Cosimino,Italy,ITA,Water Polo,Women
1925740,JANECKOVA Katerina,Czechia,CZE,Artistic Gymnastics,
1925948,LEAL COLMENAREZ Mario,Venezuela,VEN,Taekwondo,
1926042,MOHAMMED Aisha,Nigeria,NGR,Basketball,
1926057,GARCIA CABRERA David,Puerto Rico,PUR,Basketball,
1926527,DELANEY Mike,New Zealand,NZL,Hockey,
1926529,McALEESE Shea,New Zealand,NZL,Hockey,
1926530,CLARK Gregg,New Zealand,NZL,Hockey,
1926532,NICOL Greg,New Zealand,NZL,Hockey,
1926601,MACKINTOSH Euan,New Zealand,NZL,Rugby Sevens,Men
1926602,SWEENEY Cory,New Zealand,NZL,Rugby Sevens,Women
1926603,GIBBS Rodney,New Zealand,NZL,Rugby Sevens,Men
1926604,COCKER Edwin,New Zealand,NZL,Rugby Sevens,Women
1926605,CAMA Tomasi,New Zealand,NZL,Rugby Sevens,Men
1926606,ROSS Stu,New Zealand,NZL,Rugby Sevens,Women
1926607,MURPHY Amanda,New Zealand,NZL,Rugby Sevens,Women
1926612,McMASTER Travis,New Zealand,NZL,Rugby Sevens,Men
1927174,ANNAN Alyson Regina,China,CHN,Hockey,
1927222,LU Zhuan,China,CHN,Rugby Sevens,Women
1927223,PASQUALETTI Massimo,China,CHN,Rugby Sevens,Women
1927270,GOMEZ AGUERA Salvador Emilio,China,CHN,Water Polo,Women
1927271,JANE GIRALT Juan,China,CHN,Water Polo,Women
1927274,WU Zhiyu,China,CHN,Water Polo,Women
1927534,QU Tao,China,CHN,Rhythmic Gymnastics,
1927535,SUN Dan,China,CHN,Rhythmic Gymnastics,
1927537,XU Yanshu,China,CHN,Rhythmic Gymnastics,
1927542,BLIZNYUK Anastasia,China,CHN,Rhythmic Gymnastics,
1927873,LARHOLM Erik Jonas,Korea,KOR,Handball,Women
1927879,RADIC Vanja,Korea,KOR,Handball,Women
1927880,SIGNELL Kurt Henrik,Korea,KOR,Handball,Women
1927972,AGAFONTSEV Sergiy,"Hong Kong, China",HKG,Artistic Gymnastics,
1928060,KRCE Lucijan,Croatia,CRO,Artistic Gymnastics,
1928061,MADAREVIC Vladimir,Croatia,CRO,Artistic Gymnastics,
1928154,MWAPE Bruce,Zambia,ZAM,Football,Women
1928466,LAVARINI Stefano,Poland,POL,Volleyball,Women
1928467,VETTORI Nicola,Poland,POL,Volleyball,Women
1928468,PACHLINSKI Krystian,Poland,POL,Volleyball,Women
1928469,SUFA Bartosz,Poland,POL,Volleyball,Women
1928714,NTHALA Charity,Zambia,ZAM,Football,Women
1929274,KOHLOFFEL Markus,EOR,EOR,Taekwondo,
1929291,ZAREEI SHAMSABADI Manni,EOR,EOR,Taekwondo,
1929319,SABAH Asif,EOR,EOR,Taekwondo,
1929643,YUSSUPOVA Aliya,Kazakhstan,KAZ,Rhythmic Gymnastics,
1929644,DUISENGALIYEVA Danissa,Kazakhstan,KAZ,Rhythmic Gymnastics,
1929663,NOLANO Claudio,Italy,ITA,Taekwondo,
1929717,ALFARO RODRIGUEZ Santiago,Uruguay,URU,Rugby Sevens,Men
1930009,LEE KIM Daniel,Uruguay,URU,Taekwondo,
1930168,RENARD Herve,France,FRA,Football,Women
1930169,BONADEI Laurent,France,FRA,Football,
1930171,BLAHIC Eric,France,FRA,Football,
1930172,FOUACHE Gilles,France,FRA,Football,
1930294,MAMAYEV Nursultan,Kazakhstan,KAZ,Taekwondo,
1930295,KIM Kwangsu,Kazakhstan,KAZ,Taekwondo,
1930296,BESBAYEV Olzhas,Kazakhstan,KAZ,Taekwondo,
1930311,SAGYNAYEV Kanat,Kazakhstan,KAZ,Taekwondo,
1930636,DOBLER Mauro,Argentina,ARG,Football,
1930646,ECHEVERRY Alex,Colombia,COL,Football,
1930666,PHIRI Yona,Zambia,ZAM,Football,Women
1930695,GRAND'PIERRE Naomy Hope,Haiti,HAI,Artistic Gymnastics,
1930765,LAMBDIN Stephen,United States,USA,Taekwondo,
1930922,ABARCA Megan,United States,USA,Artistic Swimming,Duet
1931463,MWILA Florence,Zambia,ZAM,Football,Women
1931488,ELFAKHARANY Hany,Egypt,EGY,Handball,Men
1931494,SIERRA MENDEZ Jose Manuel,Egypt,EGY,Handball,Men
1931502,PASTOR GOMEZ Juan Carlos,Egypt,EGY,Handball,Men
1931612,VATKIN Vladimir,Kazakhstan,KAZ,Artistic Gymnastics,
1931614,KURBANOV Khussanzhan,Kazakhstan,KAZ,Artistic Gymnastics,
1931616,KENESSOV Sapargali,Kazakhstan,KAZ,Artistic Gymnastics,
1932162,ALMAAZMI Abdalla,Palestine,PLE,Taekwondo,
1932176,RODRIGUEZ VAQUERO Jose Maria,Hungary,HUN,Handball,Men
1932535,VELASCO ENCINAS Miguel Angel,Hungary,HUN,Handball,Men
1933104,ZOLGHADRI Farzad,Bulgaria,BUL,Taekwondo,
1933362,GOLOVIN Vlagyimir Alekszandrovics,Hungary,HUN,Handball,Women
1933372,PIGNICZKI Krisztina,Hungary,HUN,Handball,Women
1933474,MASCHERANO Javier,Argentina,ARG,Football,Men
1933569,MARSIGLIA Angelo,Colombia,COL,Football,Women
1933763,RODRIGUEZ Lucas,Argentina,ARG,Football,
1934022,STILLITANO Leandro,Argentina,ARG,Football,
1934443,AGUILAR ESTRADA Eduardo,Spain,ESP,Hockey,
1934447,CALDAS Maximiliano,Spain,ESP,Hockey,
1934451,GARCIA CUENCA Carlos,Spain,ESP,Hockey,
1934452,GAVILAN MORAL Diego Manuel,Spain,ESP,Hockey,
1934457,GUTIERREZ ZULAICA Lorena,Spain,ESP,Hockey,
1934462,IGLESIAS BILBAO Alejandro,Spain,ESP,Hockey,
1934463,JARO MOLINA Rafael,Spain,ESP,Hockey,
1934464,LAZARO REINA Jordi,Spain,ESP,Hockey,
1934466,MOVELLAN de la MAZA Borja,Spain,ESP,Hockey,
1934467,PALOMERO MARTIN Oscar,Spain,ESP,Hockey,
1934811,PEREZ Carlos,Colombia,COL,Football,Women
1934831,CANTWELL Lynne,South Africa,RSA,Rugby Sevens,
1934833,DAZEL Renfred,South Africa,RSA,Rugby Sevens,Women
1934834,MOLOPYANE Obakeng,South Africa,RSA,Rugby Sevens,Women
1934835,PARKER Naasier,South Africa,RSA,Rugby Sevens,
1934837,AFRIKA Cecil,South Africa,RSA,Rugby Sevens,Women
1935326,WAKAMA Rena,Nigeria,NGR,Basketball,Women
1935341,OLAJUWON Alon,Nigeria,NGR,Basketball,
1935667,FUENTES Andrea,United States,USA,Artistic Swimming,Team
1935669,TEIXEIRA Lara,United States,USA,Artistic Swimming,Team
1935695,RUIZ CASAS Jairo,Colombia,COL,Artistic Gymnastics,
1935699,LIM Alison,Colombia,COL,Artistic Gymnastics,
1935822,ALONSO CALVO Adria,Spain,ESP,Artistic Gymnastics,
1935823,BANGO MELCON Benjamin,Spain,ESP,Artistic Gymnastics,
1935824,BOTELLA PEREZ de LANDAZAB Isaac,Spain,ESP,Artistic Gymnastics,
1935825,CARRASCAL RUBIO Alvaro,Spain,ESP,Artistic Gymnastics,
1935826,CASIMIRO ROS Javier,Spain,ESP,Artistic Gymnastics,
1935827,GUISADO MUNOZ Lucia,Spain,ESP,Artistic Gymnastics,
1935828,MARTINEZ SANCHEZ Manuel Angel,Spain,ESP,Artistic Gymnastics,
1935829,MIR HOMAR Pedro,Spain,ESP,Artistic Gymnastics,
1935830,RUEDA BRAVO Eva,Spain,ESP,Artistic Gymnastics,
1935831,SAN JOSE CRISTOBAL Almudena,Spain,ESP,Artistic Gymnastics,
1935832,BROWN LOPEZ Dagmara,Spain,ESP,Rhythmic Gymnastics,
1935833,FERRANDEZ ARENAS Monica,Spain,ESP,Rhythmic Gymnastics,
1935834,GARCIA GARCES Maria,Spain,ESP,Rhythmic Gymnastics,
1935835,LINARES GARCIA Marta,Spain,ESP,Rhythmic Gymnastics,
1935836,MALCHAIR SELECQUE Caroline Martine,Spain,ESP,Rhythmic Gymnastics,
1935837,PELAZ MOTA Ana,Spain,ESP,Rhythmic Gymnastics,
1935838,QUEREDA FLORES Alejandra,Spain,ESP,Rhythmic Gymnastics,
1936384,KASSMAN Edward,Papua New Guinea,PNG,Taekwondo,
1936918,PABLO Jose,Angola,ANG,Handball,Women
1938936,FERREIRINHA Jose,Portugal,POR,Artistic Gymnastics,
1940069,CAPORN Adam,Australia,AUS,Basketball,
1940074,GOORJIAN Brian,Australia,AUS,Basketball,Men
1940075,CHAMBERS Cheryl,Australia,AUS,Basketball,Women
1940078,PATRICK David,Australia,AUS,Basketball,
1940088,NIELSEN Matt,Australia,AUS,Basketball,Men
1940089,GORISS Paul,Australia,AUS,Basketball,
1940092,CARROLL Ryan,Australia,AUS,Basketball,
1940093,BRONDELLO Sandy,Australia,AUS,Basketball,Women
1940094,SEEBHOM Shannon,Australia,AUS,Basketball,
1940331,PYSMENNA Oksana,Korea,KOR,Artistic Swimming,Duet
1940570,CHOI Jungyeol,Korea,KOR,Artistic Gymnastics,
1940575,KIM Daeeun,Korea,KOR,Artistic Gymnastics,
1940578,KIM Jihoon,Korea,KOR,Artistic Gymnastics,
1940583,LEE Sunsung,Korea,KOR,Artistic Gymnastics,
1940584,MIN Ayoung,Korea,KOR,Artistic Gymnastics,
1940930,CSEH Sandor Viktor,Hungary,HUN,Water Polo,Women
1941188,MUNALA Japheth,Kenya,KEN,Volleyball,Women
1941189,BARASA James,Kenya,KEN,Volleyball,Women
1941198,MIHOK Attila,Hungary,HUN,Water Polo,Women
1941323,TORTOSA Hugo,Lesotho,LES,Taekwondo,
1941674,TOPARI Yusuf,Australia,AUS,Artistic Gymnastics,
1941682,MITCHELL Katie,Australia,AUS,Rhythmic Gymnastics,
1941683,BARABACH Mikhail,Australia,AUS,Artistic Gymnastics,
1941685,WILSON Sean,Australia,AUS,Artistic Gymnastics,
1941686,BELAN Tatsiana,Australia,AUS,Rhythmic Gymnastics,
1941689,LI Xiaoqing,Australia,AUS,Artistic Gymnastics,
1941847,DOUMBIA Bounafou,Mali,MLI,Football,
1941852,BARRETO Diego,Paraguay,PAR,Football,
1942626,DENIA Santi,Spain,ESP,Football,Men
1942627,GORDO David,Spain,ESP,Football,
1942638,MARTINEZ Ruben,Spain,ESP,Football,
1942803,ZIMMERMANN Matthieu,Belgium,BEL,Artistic Gymnastics,
1942804,EHREN Raoul,Belgium,BEL,Hockey,
1942806,McLEOD Shane,Belgium,BEL,Hockey,Men
1942816,GAMBLUCH Leonardo,Belgium,BEL,Taekwondo,
1942828,VARGA Zsolt,Hungary,HUN,Water Polo,Men
1942869,UGLESSICH Mariano,Paraguay,PAR,Football,
1943302,HAYES Emma,United States,USA,Football,Women
1943308,REDDY Denise,United States,USA,Football,Women
1943311,SEARLE Stuart,United States,USA,Football,Women
1943842,JARA SAGUIER Carlos,Paraguay,PAR,Football,Men
1944188,COVELO Alex,United States,USA,Football,Men
1944189,MITROVIC Marko,United States,USA,Football,Men
1944190,PAYNE Russell,United States,USA,Football,Men
1944191,SEGARES Gonzalo,United States,USA,Football,Men
1944971,MAYNE Michael,New Zealand,NZL,Football,Women
1944972,REED Duncan,New Zealand,NZL,Football,
1944973,BAZELEY Darren,New Zealand,NZL,Football,Men
1944974,GOTHARD Paul,New Zealand,NZL,Football,Men
1944977,READINGS Tony,New Zealand,NZL,Football,Men
1944979,ELLIOTT Simon,New Zealand,NZL,Football,Men
1945000,SARVER Keri,New Zealand,NZL,Football,
1945433,POTTER Anthony,Australia,AUS,Hockey,
1945439,BATCH Colin,Australia,AUS,Hockey,
1945443,STANIFORTH Dave,Australia,AUS,Hockey,
1945447,MURRAY Emma,Australia,AUS,Hockey,Women
1945451,PURVIS Hugh,Australia,AUS,Hockey,
1945457,DAVY Jeremy,Australia,AUS,Hockey,
1945459,POWELL Katrina,Australia,AUS,Hockey,
1945474,HAMMOND Rob,Australia,AUS,Hockey,
1945548,LU Xiaohui,China,CHN,Rugby Sevens,
1945549,ZHU Jiangtao,China,CHN,Rugby Sevens,
1945550,MA Chong,China,CHN,Rugby Sevens,
1945552,ZHU Jing,China,CHN,Rugby Sevens,
1946315,CARNELI Ryan,Australia,AUS,Taekwondo,
1946317,LEE Seokhun,Australia,AUS,Taekwondo,
1946582,MACCARANI Emanuela,Italy,ITA,Rhythmic Gymnastics,
1946583,ROVETTA Valentina,Italy,ITA,Rhythmic Gymnastics,
1946585,MANCINELLI Claudia,Italy,ITA,Rhythmic Gymnastics,
1946907,ABDULLAYEV Mammad,Azerbaijan,AZE,Taekwondo,
1947221,RADONIC Vesna,Montenegro,MNE,Rhythmic Gymnastics,
1947623,YANITSAS Andrew,Australia,AUS,Water Polo,Men
1947628,DENIS Eddie,Australia,AUS,Water Polo,Women
1947636,RIPPON Bec,Australia,AUS,Water Polo,Women
1947637,WOODS Taryn,Australia,AUS,Water Polo,Women
1947638,HAMILL Tim,Australia,AUS,Water Polo,Men
1947758,SULTANOV Yesbol,Tunisia,TUN,Taekwondo,
1947762,HECHMI Jendoubi,Tunisia,TUN,Taekwondo,
1948319,MARTIN CEDRES Ambrosio Jose,Spain,ESP,Handball,Women
1948320,MONTES AGUERA Cesar Jesus,Spain,ESP,Handball,Men
1948321,PRADES PONS Jose Ignacio,Spain,ESP,Handball,Women
1948322,RIBERA ROMANS Jordi,Spain,ESP,Handball,Men
1948429,JAKOVLJEVIC Nenad,Serbia,SRB,Basketball,
1948431,KOSTIC Oliver,Serbia,SRB,Basketball,Men
1948432,MARINOVIC Marko,Serbia,SRB,Basketball,
1948433,PESIC Svetislav,Serbia,SRB,Basketball,Men
1948434,STOJAKOVIC Ognjen,Serbia,SRB,Basketball,
1948438,SEKULIC Marko,Serbia,SRB,Basketball,
1948749,BUTULIJA Dajana,Serbia,SRB,Basketball,
1948750,DRLJACA Ljubica,Serbia,SRB,Basketball,Women
1948752,MALJKOVIC Marina,Serbia,SRB,Basketball,Women
1948764,PAGE Danielle Nicole,Serbia,SRB,Basketball,
1948904,BEATTIE Ciaran,Great Britain,GBR,Rugby Sevens,Women
1948911,NOLAN James,Great Britain,GBR,Rugby Sevens,Women
1948913,PUGH Richie,Great Britain,GBR,Rugby Sevens,
1948914,RIDDELL Scott,Great Britain,GBR,Rugby Sevens,Women
1948915,ROQUES Tony,Great Britain,GBR,Rugby Sevens,
1948979,JANIC Bojan,Serbia,SRB,Volleyball,Men
1948980,JEVTIC Ivica,Serbia,SRB,Volleyball,Men
1948981,KOLAKOVIC Igor,Serbia,SRB,Volleyball,Men
1948983,MAJSTOROVIC Neven,Serbia,SRB,Volleyball,Men
1949017,BUTARBUTAR Eva,Indonesia,INA,Artistic Gymnastics,
1949063,BLAGOJEVIC Jelena,Serbia,SRB,Volleyball,Women
1949064,GUIDETTI Giovanni,Serbia,SRB,Volleyball,Women
1949394,TUDELA PERRET Matias,Spain,ESP,Rugby Sevens,
1949402,HERNANDEZ JIMENEZ Francisco de Pau.,Spain,ESP,Rugby Sevens,
1949458,KOCH Ulla,Belgium,BEL,Artistic Gymnastics,
1949459,van den HEUVEL Michel,Belgium,BEL,Hockey,Men
1949468,MALDONADO Oscar,Dominican Republic,DOM,Taekwondo,
1949531,MATEO BATISTA Ruddy,Dominican Republic,DOM,Taekwondo,
1949864,LAACHRAOUI Mourad,Belgium,BEL,Taekwondo,
1949874,MEZIANE Rachid,Belgium,BEL,Basketball,Women
1950176,BARTON Emilee,Australia,AUS,Rugby Sevens,Women
1950180,STANNARD James,Australia,AUS,Rugby Sevens,Men
1950182,MANENTI John,Australia,AUS,Rugby Sevens,Men
1950187,WALSH Timothy,Australia,AUS,Rugby Sevens,Women
1950509,BYDWELL Emilie,United States,USA,Rugby Sevens,Women
1950510,TEST Zack,United States,USA,Rugby Sevens,Women
1950515,FORD Trey,United States,USA,Rugby Sevens,Women
1950520,FRIDAY Mike,United States,USA,Rugby Sevens,Men
1950521,GREENING Phil,United States,USA,Rugby Sevens,Men
1951636,FERREIRA Marcel,Brazil,BRA,Artistic Swimming,
1951639,KARFUNKELSTEIN Rogerio,Brazil,BRA,Artistic Swimming,
1952532,SPLITTER Tiago,Brazil,BRA,Basketball,Men
1953168,HAMANO Yukiya,Japan,JPN,Football,
1953169,HANEDA Kenji,Japan,JPN,Football,
1953170,OIWA Go,Japan,JPN,Football,Men
1953555,CUNHA Thiago,Egypt,EGY,Football,
1953646,ALBINO Cristiano,Brazil,BRA,Artistic Gymnastics,
1953647,BISCALCHIN Daniel,Brazil,BRA,Artistic Gymnastics,
1953649,PORATH Francisco,Brazil,BRA,Artistic Gymnastics,
1953652,YASHENKO Iryna,Brazil,BRA,Artistic Gymnastics,
1953686,ROSA Bruna,Brazil,BRA,Rhythmic Gymnastics,
1953687,FEREZIN Camila,Brazil,BRA,Rhythmic Gymnastics,
1953695,NAVES Marcia,Brazil,BRA,Rhythmic Gymnastics,
1953710,PEREIRA Alexandro,Brazil,BRA,Rhythmic Gymnastics,
1953713,FIGUEIREDO Tatiana,Brazil,BRA,Rhythmic Gymnastics,
1954067,FUCHS Tracey,United States,USA,Hockey,
1954068,PASSMORE David,United States,USA,Hockey,
1954069,TELECHEA Javi,United States,USA,Hockey,
1954409,MATHEUS Carlos,Brazil,BRA,Artistic Swimming,
1954411,DOMINGUES Felipe,Brazil,BRA,Artistic Swimming,
1954413,POSSENTI Fernando,Brazil,BRA,Artistic Swimming,
1954426,ONHA MARQUES Sergio,Brazil,BRA,Artistic Swimming,
1954481,FEW Mark,United States,USA,Basketball,
1954482,KERR Steve,United States,USA,Basketball,Men
1954483,LUE Tyronn,United States,USA,Basketball,Men
1954484,SPOELSTRA Erik,United States,USA,Basketball,Men
1954499,LAWSON Kara,United States,USA,Basketball,
1954500,MILLER Curt,United States,USA,Basketball,
1954501,REEVE Cheryl,United States,USA,Basketball,Women
1954502,TAYLOR Joni,United States,USA,Basketball,Women
1954503,THIBAULT Mike,United States,USA,Basketball,Women
1954505,WRIGHT Tanisha,United States,USA,Basketball,
1954672,KOLINISAU Ratu Osea,Fiji,FIJ,Rugby Sevens,Men
1955000,ARENHART ALVES Ismael,Brazil,BRA,Rugby Sevens,Women
1955021,BRODERICK William,Brazil,BRA,Rugby Sevens,Women
1955060,FERRER Alexander,Brazil,BRA,Artistic Swimming,
1955820,dos SANTOS Clayton,Brazil,BRA,Taekwondo,
1955822,RIBEIRO Diego,Brazil,BRA,Taekwondo,
1955881,NAMAUA Tikiko,Fiji,FIJ,Rugby Sevens,Women
1955954,KLAMBURG ROQUE Paula,Australia,AUS,Artistic Swimming,Team
1955958,ONO Shoko,Australia,AUS,Artistic Swimming,Team
1956101,SOARES Mateus Joao Felgueiras,Timor-Leste,TLS,Taekwondo,
1956202,LUZON Guy,Israel,ISR,Football,Men
1956206,CHOEN Haim,Israel,ISR,Football,
1956383,BUTALA-KOVACIC Petra,Serbia,SRB,Taekwondo,
1956384,JOVIC Dragan,Serbia,SRB,Taekwondo,
1956385,SAVICEVIC Veljko,Serbia,SRB,Taekwondo,
1956422,BUCHNIK Victor,Israel,ISR,Football,
1956472,BILIC Darko,Serbia,SRB,Water Polo,Men
1956473,CIRIC Stefan,Serbia,SRB,Water Polo,Men
1956476,STEVANOVIC Uros,Serbia,SRB,Water Polo,Men
1956655,TAAFFE Robert,Ireland,IRL,Taekwondo,
1956699,NSILU DILANDU Leroy,Ireland,IRL,Taekwondo,
1956722,EFTIMOV Aleksandar,North Macedonia,MKD,Taekwondo,
1957027,ADEL MOSTAFA,Egypt,EGY,Football,Men
1957190,FUJIKI Mayuko,Spain,ESP,Artistic Swimming,Team
1957191,JIMENEZ NIETO Cecilia,Spain,ESP,Artistic Swimming,Duet
1957192,REQUENA PERICAS Judit,Spain,ESP,Artistic Swimming,Team
1957193,VEGA HERRERO Anna,Spain,ESP,Artistic Swimming,
1957222,ANDREO GABAN Angel Luis,Spain,ESP,Water Polo,Women
1957223,APARICIO SUNEN Antonio Francisco,Spain,ESP,Water Polo,Men
1957224,IVANOV PIRALKOV Svilen,Spain,ESP,Water Polo,Men
1957225,MARTIN LOZANO David,Spain,ESP,Water Polo,Men
1957226,OCA GAIA Miguel Angel,Spain,ESP,Water Polo,Women
1957227,VALLS NART Jordi,Spain,ESP,Water Polo,Women
1957429,KERTESZNE BORKAI Anita,Hungary,HUN,Artistic Gymnastics,
1957645,CAMPODONICO Marco,Italy,ITA,Artistic Gymnastics,
1957768,CASELLA Enrico,Italy,ITA,Artistic Gymnastics,
1958557,ZHOU Tianke,Lao PDR,LAO,Rhythmic Gymnastics,
1958748,ALLER CARBALLO Manuel Angel,Spain,ESP,Basketball,
1958749,CAMPS SAN JOSE Salvador,Spain,ESP,Basketball,
1958751,FERNANDEZ TARGARONA Isaac,Spain,ESP,Basketball,
1958752,GARCIA GUADARRAMA Victor Jesus,Spain,ESP,Basketball,
1958754,GUIL Luis,Spain,ESP,Basketball,Men
1958756,MENDEZ Miguel,Spain,ESP,Basketball,Women
1958758,REY Luis,Spain,ESP,Basketball,Women
1958760,PRADO BRANAS Joaquin,Spain,ESP,Basketball,
1958761,SANCHEZ CANETE CALVO Angel Luis,Spain,ESP,Basketball,Men
1958763,SCARIOLO Sergio,Spain,ESP,Basketball,Men
1958764,URIETA GUTIERREZ Madelen,Spain,ESP,Basketball,
1959349,CAREY Brian,United States,USA,Artistic Gymnastics,
1959353,LANDI Cecile,United States,USA,Artistic Gymnastics,
1959368,BRECKENRIDGE Grant,United States,USA,Artistic Gymnastics,
1959369,SUN Sonia,United States,USA,Artistic Gymnastics,
1959382,GRABA Jess,United States,USA,Artistic Gymnastics,
1959384,GAARENSTROOM Jordan,United States,USA,Artistic Gymnastics,
1959395,LANDI Laurent,United States,USA,Artistic Gymnastics,
1959400,KLIMOUK Natalia,United States,USA,Rhythmic Gymnastics,
1959405,CAESAR Syque,United States,USA,Artistic Gymnastics,
1959412,MIKULAK Sam,United States,USA,Artistic Gymnastics,
1959432,LIUKIN Valeri,United States,USA,Artistic Gymnastics,
1960844,BARRIEAU Jocelyn,Canada,CAN,Rugby Sevens,Women
1960845,HANRATTY Jack,Canada,CAN,Rugby Sevens,Women
1960848,MONAGHAN Iain,Canada,CAN,Rugby Sevens,Women
1960860,JOYCE Jenn,Canada,CAN,Rugby Sevens,Women
1961375,KONE Thierry,Côte d'Ivoire,CIV,Taekwondo,
1961586,VOLAVOLA Timoci,Fiji,FIJ,Rugby Sevens,Women
1961712,TUIFUA Tevita,Tonga,TGA,Rugby Sevens,
1961720,OTUMULI Mavae,Tonga,TGA,Rugby Sevens,
1961741,VAIANGINA Ekitino,Tonga,TGA,Rugby Sevens,
1961751,LIUTAI Malika,Tonga,TGA,Rugby Sevens,
1961912,FULI Saiasi,Fiji,FIJ,Rugby Sevens,Women
1962265,TOPPING James,Ireland,IRL,Rugby Sevens,Men
1962452,TEMPLE-JONES Allan,Ireland,IRL,Rugby Sevens,Women
1962481,WONG Ka Wing,"Hong Kong, China",HKG,Taekwondo,
1963019,MICALE Rogerio,Egypt,EGY,Football,Men
1963171,LERGA Javier,Spain,ESP,Football,
1963174,SANCHEZ Carlos,Spain,ESP,Football,
1963175,TOME Montse,Spain,ESP,Football,Women
1963555,BAYER Steven,Belgium,BEL,Hockey,
1963556,WHITE Tim,Belgium,BEL,Hockey,
1963627,LOPEZ ROMERO Victor Hugo,Japan,JPN,Handball,Men
1963628,ORTEGA PEREZ Antonio Carlos,Japan,JPN,Handball,Men
1964423,ROCHA de REZENDE Bernardo,Brazil,BRA,Volleyball,Men
1964448,RIBAS Giuliano,Brazil,BRA,Volleyball,Men
1964453,LAGES GUIMARAES Jose Roberto,Brazil,BRA,Volleyball,Women
1964473,DO REGO BARROS JUNIOR Paulo,Brazil,BRA,Volleyball,Women
1964481,LEONALDO Roberley Luiz,Brazil,BRA,Volleyball,Men
1964485,TABACH Ricardo,Brazil,BRA,Volleyball,Men
1964492,COPPINI FERNANDES Wagner Luiz,Brazil,BRA,Volleyball,Women
1965161,KEET Marcelle,South Africa,RSA,Hockey,
1965168,BONNET Giles,South Africa,RSA,Hockey,
1965644,GIL Carlos,Panama,PAN,Artistic Gymnastics,
1967242,LAWRENCE Natalie,New Zealand,NZL,Football,
1967254,HERST Jen,Canada,CAN,Football,
1967256,MANDER Jasmine,Canada,CAN,Football,
1967258,PRIESTMAN Bev,Canada,CAN,Football,Women
1967262,SPENCE Andy,Canada,CAN,Football,
1967313,PARK Jae,Canada,CAN,Taekwondo,
1967315,THORNTON Daniel,Canada,CAN,Taekwondo,
1967332,LIMA Brian,Samoa,SAM,Rugby Sevens,Men
1967468,PARADELO David,Canada,CAN,Water Polo,Women
1967471,POSTERIVO Stefano,Canada,CAN,Water Polo,Women
1967472,CAMPBELL Cora,Canada,CAN,Water Polo,Women
1967642,IGLESIAS Rodrigo,Brazil,BRA,Football,
1967672,ALCANTARA Edson,Brazil,BRA,Football,
1967683,ELIAS Arthur,Brazil,BRA,Football,Women
1968210,LALOMILO Faamaoni,Samoa,SAM,Rugby Sevens,Men
1968247,CIRKOVIC Vedran,Australia,AUS,Water Polo,Men
1968453,CHERNETSKA Nataliya,Greece,GRE,Artistic Swimming,Duet
1968484,KAMMENOU Alexia Anna,Greece,GRE,Water Polo,Women
1968489,LEMPESIS Xenofon,Greece,GRE,Water Polo,Women
1968491,PYRPYRIS Anastasios,Greece,GRE,Water Polo,Women
1968492,SCHIZAS Anastasios,Greece,GRE,Water Polo,Men
1968495,VLACHOS Theodoros,Greece,GRE,Water Polo,Men
1968531,KANTZOURIS Ilias,Greece,GRE,Basketball,Men
1968540,SPANOULIS Vasilis,Greece,GRE,Basketball,Men
1968567,RAFTIS Dimitrios,Greece,GRE,Artistic Gymnastics,
1968759,JENNINGS Stephen,EOR,EOR,Taekwondo,
1968802,FJELLSTROM Jens,Australia,AUS,Football,Women
1968822,ANDREATTA Mel,Australia,AUS,Football,Women
1968838,GUSTAVSSON Tony,Australia,AUS,Football,Women
1968868,van ECK Richard,Netherlands,NED,Water Polo,Women
1968871,DOUDESIS Eva,Netherlands,NED,Water Polo,Women
1968964,MOGHANLOU Bijan,Egypt,EGY,Taekwondo,
1969275,SICOT David Patrick,Lebanon,LBN,Taekwondo,
1969357,SEKTIOUI Tarik,Morocco,MAR,Football,Men
1969386,HADJI Youssouf,Morocco,MAR,Football,
1969466,BADAWI Ghanem,Syria,SYR,Artistic Gymnastics,
1970225,van der VEEN Jose,Netherlands,NED,Artistic Gymnastics,
1970227,WEVERS Vincent,Netherlands,NED,Artistic Gymnastics,
1970228,den UIJL Kevin,Netherlands,NED,Artistic Gymnastics,
1970229,JACOBS Jeroen,Netherlands,NED,Artistic Gymnastics,
1970235,KLEUSKENS Marcel,Netherlands,NED,Artistic Gymnastics,
1970236,KNIBBELER Daniel,Netherlands,NED,Artistic Gymnastics,
1970237,van MELDERT Dirk Jan,Netherlands,NED,Artistic Gymnastics,
1970317,CLARIJS Ricardo,Netherlands,NED,Handball,Women
1970322,JOHANSSON Per,Netherlands,NED,Handball,Women
1970733,GOUTSEVA Anastasia,Greece,GRE,Artistic Swimming,Duet
1970859,SOKOLOVA Natalia,Cyprus,CYP,Rhythmic Gymnastics,
1970880,OGEYINGBO Ayodeji,Nigeria,NGR,Basketball,
1970974,DERAEDT Laurent,Morocco,MAR,Football,
1971523,LESZNER Joe,Canada,CAN,Archery,
1972037,TICHELMAN Thomas,Netherlands,NED,Hockey,
1972052,van ASS Paul,Netherlands,NED,Hockey,
1972055,DELMEE Jeroen,Netherlands,NED,Hockey,
1972056,VERBOOM Eric,Netherlands,NED,Hockey,
1972359,ALIYEVA Kamilla,Azerbaijan,AZE,Rhythmic Gymnastics,
1972419,VILYAYEVA Yevgeniya,Azerbaijan,AZE,Rhythmic Gymnastics,
1972423,VASILEVA Siyana,Azerbaijan,AZE,Rhythmic Gymnastics,
1972426,GULIYEV Kamil,Azerbaijan,AZE,Rhythmic Gymnastics,
1972427,KARIMLI Akif,Azerbaijan,AZE,Rhythmic Gymnastics,
1972461,JAUMA CAYUELA Esther,Netherlands,NED,Artistic Swimming,Duet
1972652,GIE Cheslyn,South Africa,RSA,Hockey,
1972655,NTULI Siphesihle,South Africa,RSA,Hockey,
1972933,GOMEZ Ibai,Dominican Republic,DOM,Football,Men
1972934,RAMOS SANCHEZ Antonio,Côte d'Ivoire,CIV,Taekwondo,
1972992,AMOREBIETA Fernando,Dominican Republic,DOM,Football,
1973058,BRITEZ Cristhian,Dominican Republic,DOM,Football,
1973138,BALAN Adrian,Canada,CAN,Artistic Gymnastics,
1973147,COWAN Lisa,Canada,CAN,Artistic Gymnastics,
1973162,KIKUCHI David,Canada,CAN,Artistic Gymnastics,
1973180,van HOOF Ed,Canada,CAN,Artistic Gymnastics,
1973374,FALSETTA Ross,Great Britain,GBR,Artistic Gymnastics,
1973377,DENG Ajou,South Sudan,SSD,Basketball,
1973378,WIGNALL Rachel,Great Britain,GBR,Artistic Gymnastics,
1973524,MEIJER Eric,Netherlands,NED,Volleyball,Women
1973525,KOSLOWSKI Felix,Netherlands,NED,Volleyball,Women
1973532,FERRER CUTINO Gil,Netherlands,NED,Volleyball,Women
1973576,IVEY Royal,South Sudan,SSD,Basketball,Men
1973651,KOUDI Mandela,South Sudan,SSD,Basketball,
1973693,CHIEJINE Ann,Nigeria,NGR,Football,
1974021,KULESZA Kasia,Canada,CAN,Artistic Swimming,Duet
1974022,MORGAN Kerri,Canada,CAN,Artistic Swimming,Duet
1974025,VOLOSHYNA Anna,Canada,CAN,Artistic Swimming,Team
1974026,YAKHNO Yelyzaveta,Canada,CAN,Artistic Swimming,Team
1974386,SAWADOGO Rasmane,Burkina Faso,BUR,Taekwondo,
1974755,BAUR Steve,Canada,CAN,Basketball,Women
1974756,BJORKGREN Nate,Canada,CAN,Basketball,Men
1974757,CLARKE Carly,Canada,CAN,Basketball,
1974760,FERNANDEZ Jordi,Canada,CAN,Basketball,Men
1974766,LAPENA Victor,Canada,CAN,Basketball,Women
1974769,MITCHELL Nathaniel,Canada,CAN,Basketball,
1974771,N'DONG Boniface,Canada,CAN,Basketball,
1974772,PAGE Murriel,Canada,CAN,Basketball,
1974773,QUINN Noelle,Canada,CAN,Basketball,
1975398,DENG Luol,South Sudan,SSD,Basketball,Men
1975920,CASTANEDA Allen Aldrin,Philippines,PHI,Artistic Gymnastics,
1975923,HRYBANOV Andrii,Israel,ISR,Artistic Gymnastics,
1975934,GRIFFETH Garrett Stephen,Philippines,PHI,Artistic Gymnastics,
1977071,ABAD EXPOSITO Iker Miquel,Ireland,IRL,Taekwondo,
1977388,WALDRUM Randy,Nigeria,NGR,Football,Women
1977689,DIAWARA Kaba,Guinea,GUI,Football,Men
1978161,CAPELLI Claudio,Switzerland,SUI,Artistic Gymnastics,
1978215,GUELZEC Laurent,Switzerland,SUI,Artistic Gymnastics,
1978259,KISTLER Frank,Switzerland,SUI,Artistic Gymnastics,
1978688,MUNOZ BENITEZ Fernando,Egypt,EGY,Volleyball,Men
1980774,KIM Myong Hwa,DPR Korea,PRK,Artistic Gymnastics,
1980904,TRAJKOVIC Ivan Konrad,Slovenia,SLO,Taekwondo,
1980943,PAVLIC Aljaz,Slovenia,SLO,Handball,Women
1980962,MIJATOVIC Branka,Slovenia,SLO,Handball,Women
1980979,ADZIC Dragan,Slovenia,SLO,Handball,Women
1980981,DROZHANOVA Elena,Slovenia,SLO,Rhythmic Gymnastics,
1980987,CRETU Gheorghe,Slovenia,SLO,Volleyball,Men
1980990,DIVKOVIC Goran,Slovenia,SLO,Taekwondo,
1981325,ZVIZEJ Luka,Slovenia,SLO,Handball,Men
1981356,de CECCO Matteo,Slovenia,SLO,Volleyball,Men
1981649,RETELJ Natasa,Slovenia,SLO,Artistic Gymnastics,
1981689,ZORMAN Uros,Slovenia,SLO,Handball,Men
1981697,KEDACIC Zoran,Slovenia,SLO,Volleyball,Men
1986732,MUGANGUZI Wani,Nigeria,NGR,Basketball,Women
2041085,FITZGERALD David,Ireland,IRL,Hockey,
2476695,BAM Jenna,South Africa,RSA,Rugby Sevens,
3057892,FALAHATGAR ETMINANI Davoud,Bulgaria,BUL,Taekwondo,
3430822,PETROVIC Aleksandar,Brazil,BRA,Basketball,Men
3496078,GORIATCHKINE Ivan,Philippines,PHI,Artistic Gymnastics,
3520243,BASILE Leonardo,EOR,EOR,Taekwondo,
3528052,VICTOR John,Nigeria,NGR,Taekwondo,
3538853,DONNELLY Peter,Ireland,IRL,Rugby Sevens,Men
3539442,CARSON Luke,Ireland,IRL,Artistic Gymnastics,
3544158,GORBACHEV Stepan,Ukraine,UKR,Artistic Gymnastics,
3545804,MARAJAN Sabit,South Sudan,SSD,Taekwondo,
3546458,DIAWARA Fousseni,Guinea,GUI,Football,Men
3546645,CAUKAUNIVALU Setefano,Fiji,FIJ,Rugby Sevens,Men
3561918,GRANDES Pablo,Iraq,IRQ,Football,
4043244,FONG Lerissa,Samoa,SAM,Rugby Sevens,
4043245,POMARE Sapani,Samoa,SAM,Rugby Sevens,
4043246,FAALUPEGA Avii,Samoa,SAM,Rugby Sevens,
4044836,DAVID EP CHIRILCENCO Georgeta,Algeria,ALG,Artistic Gymnastics,
4119109,ELZEFTAWEY Tarek,Egypt,EGY,Volleyball,Men
4645809,GAARENSTROOM Jordan Jon,Syria,SYR,Artistic Gymnastics,
4646497,PROST KOSIR Primoz,Slovenia,SLO,Handball,Men
4649776,TRAORE Alioune,Mali,MLI,Taekwondo,
4653058,COCCIA Kristina,Haiti,HAI,Artistic Gymnastics,
4653997,KAMKASOUMPHOU Ekvara,Mali,MLI,Taekwondo,
4658462,KHAJAVI Naeima,Egypt,EGY,Taekwondo,
4847471,LAWSON Franck,Burkina Faso,BUR,Taekwondo,
4968759,Mc DONALD Janelle Leigh,Philippines,PHI,Artistic Gymnastics,
4968917,QUESNEL Yannick,Guinea,GUI,Football,Men
4976780,TANSKANEN Juha Petteri,Syria,SYR,Artistic Gymnastics,
5016082,CHOUBA Jaouad,Guinea-Bissau,GBS,Taekwondo,
9230002,HERDEIRO Alvaro Francisco,Brazil,BRA,Handball,Women
9230003,MAROJA Gabriel Augusto,Brazil,BRA,Handball,Women
9230006,ALONSO BERNARDO Jessica,Spain,ESP,Handball,Women
9230010,LARSSON Thomas Erik Daniel,Netherlands,NED,Handball,Women
9230012,CAROU Gonzalo,Argentina,ARG,Handball,Men
9230013,CAZON Guillermo,Argentina,ARG,Handball,Men
9230017,CAAMANO Juan,Spain,ESP,Handball,Men
9230018,TORRESCUSA Ignacio,Spain,ESP,Handball,Men
9230020,GJERDE Joar,Norway,NOR,Handball,Women
9390001,BONDAR Vladyslav,Burkina Faso,BUR,Taekwondo,
9430008,CICHELLO Juan Manuel,Italy,ITA,Volleyball,Women
9450042,VASSILIADES Emmanuel,Greece,GRE,Water Polo,Men
